Mouser Part Number,Mfr Part Number,Mfr.,Datasheet,Availability,Pricing,RoHS,Lifecycle,Product Detail,Resistance,Tolerance,Power Rating,Temperature Coefficient,Case Code - in,Case Code - mm
708-RNAN0603BKE1K00,RNAN0603BKE1K00,SEI Stackpole,https://www.seielect.com/Catalog/SEI-rnan.PDF,401  In Stock,"=""0,843 €""",,New Product,https://www.mouser.be/ProductDetail/SEI-Stackpole/RNAN0603BKE1K00?qs=sGAEpiMZZMvdGkrng054twszbajJBv1K16ANGVHTijMBf3LE1%2FA27Q%3D%3D&utm_source=mouser-refine-download&utm_medium=file&utm_campaign=RNAN0603BKE1K00&utm_content=SEI-Stackpole,1 kOhms,0.1 %,500 mW (1/2 W),"=""25 PPM / C""","=""0603""","=""1508"""
708-RNAN0805BKE1K00,RNAN0805BKE1K00,SEI Stackpole,https://www.seielect.com/Catalog/SEI-rnan.PDF,508  In Stock,"=""1,08 €""",,New Product,https://www.mouser.be/ProductDetail/SEI-Stackpole/RNAN0805BKE1K00?qs=sGAEpiMZZMvdGkrng054twszbajJBv1KSeD%252B4R7P%2Fo2KeAomvflXcA%3D%3D&utm_source=mouser-refine-download&utm_medium=file&utm_campaign=RNAN0805BKE1K00&utm_content=SEI-Stackpole,1 kOhms,0.1 %,1 W,"=""25 PPM / C""","=""0805""","=""2012"""
708-RNAN1206BKE1K00,RNAN1206BKE1K00,SEI Stackpole,https://www.seielect.com/Catalog/SEI-rnan.PDF,652  In Stock,"=""1,38 €""",,New Product,https://www.mouser.be/ProductDetail/SEI-Stackpole/RNAN1206BKE1K00?qs=sGAEpiMZZMvdGkrng054twszbajJBv1Kfl4466v636F3s2awygL6jA%3D%3D&utm_source=mouser-refine-download&utm_medium=file&utm_campaign=RNAN1206BKE1K00&utm_content=SEI-Stackpole,1 kOhms,0.1 %,2 W,"=""25 PPM / C""","=""1206""","=""3015"""
279-RT73F1J1K0BTD,RT73F1J1K0BTD,TE Connectivity / Holsworthy,https://www.te.com/commerce/DocumentDelivery/DDEController?Action=showdoc&DocId=Data+Sheet%7F1773450%7FA1%7Fpdf%7FEnglish%7FENG_DS_1773450_A1.pdf%7FCAT-F52-R,5.584  In Stock,"=""0,49 €""",RoHS Compliant By Exemption,New Product,https://www.mouser.be/ProductDetail/TE-Connectivity-Holsworthy/RT73F1J1K0BTD?qs=sGAEpiMZZMvdGkrng054t2cqbZCzJY7N1Z7lJbMQmxQNXLQTcGbpPA%3D%3D&utm_source=mouser-refine-download&utm_medium=file&utm_campaign=RT73F1J1K0BTD&utm_content=TE-Connectivity-%2F-Holsworthy,1 kOhms,0.1 %,200 mW (1/5 W),"=""25 PPM / C""","=""0603""","=""1608"""
279-RT73F1E1K0BTH,RT73F1E1K0BTH,TE Connectivity / Holsworthy,https://www.te.com/commerce/DocumentDelivery/DDEController?Action=showdoc&DocId=Data+Sheet%7F1773450%7FA1%7Fpdf%7FEnglish%7FENG_DS_1773450_A1.pdf%7FCAT-F52-R,7.426  In Stock,"=""0,636 €""",RoHS Compliant By Exemption,New Product,https://www.mouser.be/ProductDetail/TE-Connectivity-Holsworthy/RT73F1E1K0BTH?qs=sGAEpiMZZMvdGkrng054t2cqbZCzJY7NHsQn8EBIbEMLV%2Fnr%2F%252BJfNQ%3D%3D&utm_source=mouser-refine-download&utm_medium=file&utm_campaign=RT73F1E1K0BTH&utm_content=TE-Connectivity-%2F-Holsworthy,1 kOhms,0.1 %,125 mW (1/8 W),"=""25 PPM / C""","=""0402""","=""1005"""
652-PWR263S351001FE,PWR263S-35-1001FE,Bourns,https://www.mouser.be/datasheet/3/40/1/pwr263s_35.pdf,1.025  In Stock,"=""7,33 €""",,,https://www.mouser.be/ProductDetail/Bourns/PWR263S-35-1001FE?qs=sGAEpiMZZMvdGkrng054t%252B7G6pGH31Yo4zVvCQi3Lj8%3D&utm_source=mouser-refine-download&utm_medium=file&utm_campaign=PWR263S-35-1001FE&utm_content=Bourns,1 kOhms,1 %,35 W,"=""100 PPM / C""",TO-263-2 (D2PAK),TO-263-2 (D2PAK)
667-ERJ-1GJJ102C,ERJ-1GJJ102C,Panasonic,https://industrial.panasonic.com/cdbs/www-data/pdf/RDO0000/RDO0000C334.pdf,22.117  In Stock,"=""0,138 €""",RoHS Compliant,,https://www.mouser.be/ProductDetail/Panasonic/ERJ-1GJJ102C?qs=sGAEpiMZZMvdGkrng054t2cqbZCzJY7NPa9HI09NIqasjSvpTjFJ4Q%3D%3D&utm_source=mouser-refine-download&utm_medium=file&utm_campaign=ERJ-1GJJ102C&utm_content=Panasonic,1 kOhms,5 %,50 mW (1/20 W),"=""200 PPM / C""","=""0201""","=""0603"""
279-CRGCQ2512F1K0,CRGCQ2512F1K0,TE Connectivity / Holsworthy,https://www.mouser.be/datasheet/3/80/14/ENG_DS_1773204_3_B2.pdf,29.359  In Stock,"=""0,31 €""",RoHS Compliant By Exemption,,https://www.mouser.be/ProductDetail/TE-Connectivity-Holsworthy/CRGCQ2512F1K0?qs=sGAEpiMZZMvdGkrng054t7z4BkURc4LzdxGIcl95ehrPKGJDvuStqg%3D%3D&utm_source=mouser-refine-download&utm_medium=file&utm_campaign=CRGCQ2512F1K0&utm_content=TE-Connectivity-%2F-Holsworthy,1 kOhms,1 %,1 W,"=""100 PPM / C""","=""2512""","=""6332"""
71-TNPU04021K00AYEP0,TNPU04021K00AYEP00,Vishay / Draloric,https://www.vishay.com/docs/28779/tnpue3.pdf,3.173  In Stock,"=""1,34 €""",RoHS Compliant By Exemption,,https://www.mouser.be/ProductDetail/Vishay-Draloric/TNPU04021K00AYEP00?qs=sGAEpiMZZMvdGkrng054twKDKoBh%252BscnQfyCRMfolLqmkVkG%252BKdiRw%3D%3D&utm_source=mouser-refine-download&utm_medium=file&utm_campaign=TNPU04021K00AYEP00&utm_content=Vishay-%2F-Draloric,1 kOhms,0.05 %,62.5 mW (1/16 W),"=""10 PPM / C""","=""0402""","=""1005"""
755-LTR100JZPJ102,LTR100JZPJ102,ROHM Semiconductor,https://www.rohm.com/datasheet?p=LTR100JZPJ&dist=Mouser&media=referral&source=mouser.com&campaign=Mouser,7.828  In Stock,"=""0,516 €""",RoHS Compliant By Exemption,,https://www.mouser.be/ProductDetail/ROHM-Semiconductor/LTR100JZPJ102?qs=sGAEpiMZZMvdGkrng054t2cqbZCzJY7Nlu1LHqUxC3X1s7zf4B8D7Q%3D%3D&utm_source=mouser-refine-download&utm_medium=file&utm_campaign=LTR100JZPJ102&utm_content=ROHM-Semiconductor,1 kOhms,5 %,3 W,"=""200 PPM / C""","=""3264""","=""1225"""
71-CRCW12101K00JNEAH,CRCW12101K00JNEAHP,Vishay,https://www.vishay.com/docs/20043/crcwhpe3.pdf,22.416  In Stock,"=""0,49 €""",RoHS Compliant By Exemption,,https://www.mouser.be/ProductDetail/Vishay/CRCW12101K00JNEAHP?qs=sGAEpiMZZMvdGkrng054twxTp3TCAjnHfi8qMo%252Bc76Y%3D&utm_source=mouser-refine-download&utm_medium=file&utm_campaign=CRCW12101K00JNEAHP&utm_content=Vishay,1 kOhms,5 %,750 mW (3/4 W),"=""200 PPM / C""","=""1210""","=""3225"""
71-RCA12101K00FKEAHP,RCA12101K00FKEAHP,Vishay / Draloric,https://www.vishay.com/doc?20043,18.741  In Stock,"=""0,542 €""",RoHS Compliant By Exemption,,https://www.mouser.be/ProductDetail/Vishay-Draloric/RCA12101K00FKEAHP?qs=sGAEpiMZZMvdGkrng054t7z4BkURc4LzOKFKNrzlcnDh85JZp%2FTlRA%3D%3D&utm_source=mouser-refine-download&utm_medium=file&utm_campaign=RCA12101K00FKEAHP&utm_content=Vishay-%2F-Draloric,1 kOhms,1 %,750 mW (3/4 W),"=""100 PPM / C""","=""1210""","=""3225"""
594-MCA12060C1001FP5,MCA12060C1001FP500,Vishay / Beyschlag,https://www.vishay.com/doc?28705,84.666  In Stock,"=""0,241 €""",RoHS Compliant By Exemption,,https://www.mouser.be/ProductDetail/Vishay-Beyschlag/MCA12060C1001FP500?qs=sGAEpiMZZMvdGkrng054t82oXcgcW0xcj0tpqmaGo%2FU%3D&utm_source=mouser-refine-download&utm_medium=file&utm_campaign=MCA12060C1001FP500&utm_content=Vishay-%2F-Beyschlag,1 kOhms,1 %,250 mW (1/4 W),"=""50 PPM / C""","=""1206""","=""3216"""
71-TNPU12061K00AZEN,TNPU12061K00AZEN00,Vishay / Dale,https://www.vishay.com/docs/28779/tnpue3.pdf,1.557  In Stock,"=""2,91 €""",RoHS Compliant By Exemption,,https://www.mouser.be/ProductDetail/Vishay-Dale/TNPU12061K00AZEN00?qs=sGAEpiMZZMvdGkrng054t%2FHBORRd1jpUvi7mSXSf3IM%3D&utm_source=mouser-refine-download&utm_medium=file&utm_campaign=TNPU12061K00AZEN00&utm_content=Vishay-%2F-Dale,1 kOhms,0.05 %,250 mW (1/4 W),"=""5 PPM / C""","=""1206""","=""3216"""
72-P0805H1001FNT,P0805H1001FNT,Vishay / Sfernice,https://www.vishay.com/doc?53017,82  In Stock,"=""6,05 €""",RoHS Compliant,,https://www.mouser.be/ProductDetail/Vishay-Sfernice/P0805H1001FNT?qs=sGAEpiMZZMvdGkrng054txdlZqXHBmyDNhk5Ypas4rM%3D&utm_source=mouser-refine-download&utm_medium=file&utm_campaign=P0805H1001FNT&utm_content=Vishay-%2F-Sfernice,1 kOhms,1 %,200 mW (1/5 W),"=""50 PPM / C""","=""0805""","=""2012"""
71-CHP0603K1001FBT,CHP0603K1001FBT,Vishay / Sfernice,https://www.vishay.com/doc?52023,26  In Stock,"=""11,04 €""",RoHS Compliant,,https://www.mouser.be/ProductDetail/Vishay-Sfernice/CHP0603K1001FBT?qs=sGAEpiMZZMvdGkrng054txdlZqXHBmyDKqDHDe%252B95c8%3D&utm_source=mouser-refine-download&utm_medium=file&utm_campaign=CHP0603K1001FBT&utm_content=Vishay-%2F-Sfernice,1 kOhms,1 %,125 mW (1/8 W),"=""100 PPM / C""","=""0603""","=""1508"""
603-AC0201FR-131KL,AC0201FR-131KL,YAGEO,https://www.mouser.be/datasheet/3/508/1/PYu-AC_51_RoHS_L_10.pdf,93.877  In Stock,"=""0,086 €""",RoHS Compliant,New At Mouser,https://www.mouser.be/ProductDetail/YAGEO/AC0201FR-131KL?qs=sGAEpiMZZMvdGkrng054twOk7UJM2yUKrd208urcgi0Q3zc1uAWGbA%3D%3D&utm_source=mouser-refine-download&utm_medium=file&utm_campaign=AC0201FR-131KL&utm_content=YAGEO,1 kOhms,1 %,50 mW (1/20 W),"=""200 PPM / C""","=""0201""","=""0603"""
71-FC0402E1001DTT5,FC0402E1001DTT5,Vishay / Thin Film,https://www.vishay.com/doc?60093,2.736  In Stock,"=""2,55 €""",RoHS Compliant,,https://www.mouser.be/ProductDetail/Vishay-Thin-Film/FC0402E1001DTT5?qs=sGAEpiMZZMvdGkrng054t7z4BkURc4LzYuhr19%252BzljsS1VRzMVIf%252BQ%3D%3D&utm_source=mouser-refine-download&utm_medium=file&utm_campaign=FC0402E1001DTT5&utm_content=Vishay-%2F-Thin-Film,1 kOhms,0.5 %,50 mW (1/20 W),"=""25 PPM / C""","=""0402""","=""1005"""
71-PLTT0805Z1001QGT5,PLTT0805Z1001QGT5,Vishay / Thin Film,https://www.vishay.com/doc?60082,354  In Stock,"=""7,33 €""",RoHS Compliant,,https://www.mouser.be/ProductDetail/Vishay-Thin-Film/PLTT0805Z1001QGT5?qs=sGAEpiMZZMvdGkrng054t%2FOb%2F3W47a3I%252BRPH8U8CEHU%3D&utm_source=mouser-refine-download&utm_medium=file&utm_campaign=PLTT0805Z1001QGT5&utm_content=Vishay-%2F-Thin-Film,1 kOhms,0.02 %,250 mW (1/4 W),"=""5 PPM / C""","=""0805""","=""2012"""
279-RA73F1J1K0BTDF,RA73F1J1K0BTDF,TE Connectivity / Holsworthy,https://www.te.com/commerce/DocumentDelivery/DDEController?Action=showdoc&DocId=Data+Sheet%7F1773270-3%7FA%7Fpdf%7FEnglish%7FENG_DS_1773270-3_A.pdf%7F2176473-6,2.885  In Stock,"=""1,84 €""",RoHS Compliant,,https://www.mouser.be/ProductDetail/TE-Connectivity-Holsworthy/RA73F1J1K0BTDF?qs=sGAEpiMZZMvdGkrng054t2cqbZCzJY7Nq0HL6U9tfK9TatZpz0YhBQ%3D%3D&utm_source=mouser-refine-download&utm_medium=file&utm_campaign=RA73F1J1K0BTDF&utm_content=TE-Connectivity-%2F-Holsworthy,1 kOhms,0.1 %,500 mW (1/2 W),"=""25 PPM / C""","=""0603""","=""1508"""
652-CRS2512QFX-1001E,CRS2512QFX-1001ELF,Bourns,https://www.mouser.com/catalog/specsheets/Bourns_1-11-2022_CRS-Q_datasheet.pdf,4.491  In Stock,"=""0,869 €""",RoHS Compliant,,https://www.mouser.be/ProductDetail/Bourns/CRS2512QFX-1001ELF?qs=sGAEpiMZZMvdGkrng054t2cqbZCzJY7NYyXi59ppeUcztB5SIUrUpg%3D%3D&utm_source=mouser-refine-download&utm_medium=file&utm_campaign=CRS2512QFX-1001ELF&utm_content=Bourns,1 kOhms,1 %,2 W,"=""100 PPM / C""","=""2512""","=""6430"""
279-4-2176070-9,4-2176070-9,TE Connectivity / Holsworthy,https://www.te.com/commerce/DocumentDelivery/DDEController?Action=srchrtrv&DocNm=2176070&DocType=Customer+Drawing&DocLang=English&PartCntxt=4-2176070-9&DocFormat=pdf,14.436  In Stock,"=""0,378 €""",RoHS Compliant By Exemption,,https://www.mouser.be/ProductDetail/TE-Connectivity-Holsworthy/4-2176070-9?qs=sGAEpiMZZMvdGkrng054t1Y1LNXB0dwiA73Ul6YKq6g%3D&utm_source=mouser-refine-download&utm_medium=file&utm_campaign=4-2176070-9&utm_content=TE-Connectivity-%2F-Holsworthy,1 kOhms,1 %,2 W,"=""100 PPM / C""","=""2512""","=""6432"""
652-CRS2512QJW-102E,CRS2512QJW-102ELF,Bourns,https://www.mouser.com/catalog/specsheets/Bourns_1-11-2022_CRS-Q_datasheet.pdf,6.225  In Stock,"=""0,619 €""",RoHS Compliant,,https://www.mouser.be/ProductDetail/Bourns/CRS2512QJW-102ELF?qs=sGAEpiMZZMvdGkrng054t2cqbZCzJY7NJ5juCaMJJvw8v%252BLQsptTYQ%3D%3D&utm_source=mouser-refine-download&utm_medium=file&utm_campaign=CRS2512QJW-102ELF&utm_content=Bourns,1 kOhms,5 %,2 W,"=""200 PPM / C""","=""2512""","=""6430"""
71-PHPA2512E1001BST1,PHPA2512E1001BST1,Vishay / Thin Film,https://www.vishay.com/doc?60160,1.027  In Stock,"=""4,33 €""",RoHS Compliant,,https://www.mouser.be/ProductDetail/Vishay-Thin-Film/PHPA2512E1001BST1?qs=sGAEpiMZZMvdGkrng054t2cqbZCzJY7NdK5YG9jtPDMjyva2EddItA%3D%3D&utm_source=mouser-refine-download&utm_medium=file&utm_campaign=PHPA2512E1001BST1&utm_content=Vishay-%2F-Thin-Film,1 kOhms,0.1 %,2.5 W,"=""25 PPM / C""","=""2512""","=""6532"""
71-PHT2010Y1001BGT,PHT2010Y1001BGT,Vishay / Sfernice,https://www.vishay.com/doc?53050,147  In Stock,"=""12,97 €""",RoHS Compliant,,https://www.mouser.be/ProductDetail/Vishay-Sfernice/PHT2010Y1001BGT?qs=sGAEpiMZZMvdGkrng054t47G7xVMAui3diF%252B6iIyVvk%3D&utm_source=mouser-refine-download&utm_medium=file&utm_campaign=PHT2010Y1001BGT&utm_content=Vishay-%2F-Sfernice,1 kOhms,0.1 %,200 mW (1/5 W),"=""15 PPM / C""","=""2010""","=""5025"""
